{"class_name": "Sequential", "keras_version": "1.1.0", "config": [{"class_name": "BatchNormalization", "config": {"gamma_regularizer": null, "name": "batchnormalization_1", "epsilon": 1e-05, "trainable": true, "mode": 0, "input_dtype": "float32", "batch_input_shape": [null, 1, 48, 48], "beta_regularizer": null, "momentum": 0.99, "axis": 1}}, {"class_name": "Convolution2D", "config": {"W_constraint": null, "b_constraint": null, "name": "convolution2d_1", "activity_regularizer": null, "trainable": true, "dim_ordering": "th", "nb_col": 3, "subsample": [1, 1], "init": "glorot_uniform", "bias": true, "nb_filter": 32, "border_mode": "valid", "b_regularizer": null, "W_regularizer": null, "activation": "relu", "nb_row": 3}}, {"class_name": "BatchNormalization", "config": {"gamma_regularizer": null, "name": "batchnormalization_2", "epsilon": 1e-05, "trainable": true, "mode": 0, "beta_regularizer": null, "momentum": 0.99, "axis": 1}}, {"class_name": "MaxPooling2D", "config": {"name": "maxpooling2d_1", "trainable": true, "dim_ordering": "th", "pool_size": [3, 3], "strides": [3, 3], "border_mode": "valid"}}, {"class_name": "Convolution2D", "config": {"W_constraint": null, "b_constraint": null, "name": "convolution2d_2", "activity_regularizer": null, "trainable": true, "dim_ordering": "th", "nb_col": 3, "subsample": [1, 1], "init": "glorot_uniform", "bias": true, "nb_filter": 64, "border_mode": "valid", "b_regularizer": null, "W_regularizer": null, "activation": "relu", "nb_row": 3}}, {"class_name": "BatchNormalization", "config": {"gamma_regularizer": null, "name": "batchnormalization_3", "epsilon": 1e-05, "trainable": true, "mode": 0, "beta_regularizer": null, "momentum": 0.99, "axis": 1}}, {"class_name": "MaxPooling2D", "config": {"name": "maxpooling2d_2", "trainable": true, "dim_ordering": "th", "pool_size": [3, 3], "strides": [3, 3], "border_mode": "valid"}}, {"class_name": "Flatten", "config": {"trainable": true, "name": "flatten_1"}}, {"class_name": "Dense", "config": {"W_constraint": null, "b_constraint": null, "name": "dense_1", "activity_regularizer": null, "trainable": true, "init": "glorot_uniform", "bias": true, "input_dim": null, "b_regularizer": null, "W_regularizer": null, "activation": "relu", "output_dim": 200}}, {"class_name": "Dropout", "config": {"p": 0.3, "trainable": true, "name": "dropout_1"}}, {"class_name": "BatchNormalization", "config": {"gamma_regularizer": null, "name": "batchnormalization_4", "epsilon": 1e-05, "trainable": true, "mode": 0, "beta_regularizer": null, "momentum": 0.99, "axis": -1}}, {"class_name": "Dense", "config": {"W_constraint": null, "b_constraint": null, "name": "dense_2", "activity_regularizer": null, "trainable": true, "init": "glorot_uniform", "bias": true, "input_dim": null, "b_regularizer": null, "W_regularizer": null, "activation": "softmax", "output_dim": 7}}]}